google.com,Blocking banner,Center,"Reject all, Accept all, More options","Privacy, Terms, Cookie/s, Misc",,
mail.ru,Floating non blocking banner stays until action,Bottom right,"Settings, Accept all","Privacy notice, Misc",,
microsoft.com,Static non blocking banner stays until action,Top Bar,"Accept, Reject, Manage cookies","Privacy Policy, Third Party Cookies",,
gtld-servers.net,Unknown Yet,Unknown Yet,,,,
facebook.com,Blocking banner,Center,"Decline optional cookies, Accept all cookies","Cookies Policy, other companies, Misc",Choose cookies by category,
googleapis.com,Unknown Yet,Unknown Yet,,,,
cloudflare.com,Blocking banner with option to close,Bottom bar,"Cookie preferences, Reject all, Accept all Cookies",,,
apple.com,No banner,Unknown Yet,,,,
youtube.com,Blocking banner,Center,"Reject all, Accept all, More options","Privacy Policy, Terms of Service, Cookie/s, Misc",,
amazonaws.com,Floating non blocking banner stays until action,Bottom bar,"Accept, Decline, Customize",,,
dzen.ru,No banner,Unknown Yet,,,,
instagram.com,Blocking banner,Center,"Decline optional cookies, Accept all cookies","Cookies Policy, other companies, Misc",Choose cookies by category,
gstatic.com,Unknown Yet,Unknown Yet,,,,
akamai.net,Unknown Yet,Unknown Yet,,,,
office.com,Static non blocking banner stays until action,Top Bar,"Accept, Reject, Manage cookies","Privacy Statement, Third-Party Cookies",,
twitter.com,Floating non blocking banner stays until action,Bottom bar,"Accept all cookies, Refuse non-essential cookies, Show more about your choices",,,
fbcdn.net,Blocking banner,Center,"Decline optional cookies, Accept all cookies","Cookies Policy, other companies, Misc",Choose cookies by category,
googlevideo.com,Blocking banner,Center,"Reject all, Accept all, More options","Privacy, Terms, Cookie/s, Misc",,
live.com,Static non blocking banner stays until action,Top Bar,"Accept, Reject, Manage cookies","Privacy Statement, Third-Party Cookies",,
linkedin.com,Static non blocking banner stays until action,Top Bar,"Accept, Reject","Cookies Policy, settings",,
googletagmanager.com,Unknown Yet,Unknown Yet,,,,
akamaiedge.net,Unknown Yet,Unknown Yet,,,,
akadns.net,Unknown Yet,Unknown Yet,,,,
amazon.com,No banner,Unknown Yet,,,,
microsoftonline.com,Unknown Yet,Unknown Yet,,,,
azure.com,Static non blocking banner stays until action,Top Bar,"Accept, Reject, Manage cookies","Privacy Statement, Third-Party Cookies",,
workers.dev,No banner,Unknown Yet,,,,
wikipedia.org,No banner,Unknown Yet,,,,
googleusercontent.com,Unknown Yet,Unknown Yet,,,,
windowsupdate.com,Unknown Yet,Unknown Yet,,,,
github.com,No banner,Unknown Yet,,,,
doubleclick.net,No banner,Unknown Yet,,,,
digicert.com,No banner,Unknown Yet,,,,
bing.com,Floating non blocking banner stays until action,Bottom bar,"Accept, Reject, More options",Privacy Statement,,
netflix.com,Floating non blocking banner stays until action (close option given),Center,"Accept, Reject, Learn more",cookies and similar technologies,,
whatsapp.net,No banner,Unknown Yet,,,,
fastly.net,Simple non blocking banner,Bottom left,"Accept all, Reject all, Customize",Cookie Policy,,
domaincontrol.com,Unknown Yet,Unknown Yet,,,,
apple-dns.net,Unknown Yet,Unknown Yet,,,,
office.net,Unknown Yet,Unknown Yet,,,,
e2ro.com,Unknown Yet,Unknown Yet,,,,
wordpress.org,No banner,Unknown Yet,,,,
aaplimg.com,Unknown Yet,Unknown Yet,,,,
appsflyersdk.com,Unknown Yet,Unknown Yet,,,,
youtu.be,Blocking banner,Center,"Reject all, Accept all, More options","Privacy Policy, Terms of Service, Cookie/s, Misc",,
icloud.com,No banner,Unknown Yet,,,,
sharepoint.com,Static non blocking banner stays until action,Top Bar,"Accept, Reject, Manage cookies","Privacy Policy, Third Party Cookies",,
pinterest.com,No banner,Unknown Yet,,,,
trafficmanager.net,Unknown Yet,Unknown Yet,,,,
yahoo.com,Blocking banner,Center,"Accept all, Reject all, Manage privacy settings","our partners, Privacy Policy, our Cookie Policy",,
ripn.net,Unknown Yet,Unknown Yet,,,,
whatsapp.com,No banner,Unknown Yet,,,,
googlesyndication.com,Blocking banner,Center,"Reject all, Accept all, More options","Privacy, Terms, Cookie/s, Misc",,
windows.net,Static non blocking banner stays until action,Top Bar,"Accept, Reject, Manage cookies","Privacy Statement, Third-Party Cookies",,
goo.gl,Unknown Yet,Unknown Yet,,,,
skype.com,Floating non blocking banner stays until action,Bottom bar,"Accept, Reject, Manage cookies","Privacy Statement, Third-Party Cookies",,
akam.net,Unknown Yet,Unknown Yet,,,,
x.com,Floating non blocking banner stays until action,Bottom bar,"Accept all cookies, Refuse non-essential cookies, Show more about your choices",,,
pv-cdn.net,Unknown Yet,Unknown Yet,,,,
cloudfront.net,Unknown Yet,Unknown Yet,,,,
msn.com,Simple non blocking banner,Bottom bar,"Accept, Reject all, Show purposes, List of Partners",Privacy policy,,
gandi.net,No banner,Unknown Yet,,,,
spotify.com,Floating non blocking banner stays until action,Bottom bar,"Accept cookies, Reject all, Cookie settings, List of Partners, our partners",,,
tiktok.com,Floating non blocking banner stays until action,Bottom bar,"Decline optional cookies, Allow all",Cookies Policy,,
ntp.org,No banner,Unknown Yet,,,,
vimeo.com,No banner,Unknown Yet,,,,
adobe.com,No banner,Unknown Yet,,,,
venmo.com,Floating non blocking banner stays until action,Bottom bar,"Accept, Decline",Manage cookies and learn more,,
tiktokcdn.com,Unknown Yet,Unknown Yet,,,,
gvt1.com,Unknown Yet,Unknown Yet,,,,
cloudflare.net,Blocking banner with option to close,Bottom bar,"Accept all cookies, Reject all, Cookie preferences",,,
chatgpt.com,Floating non blocking banner stays until action (close option given),Bottom bar,"Accept all, Reject non-essential, Manage cookies","Manage Cookies, Cookie Policy ",,
roblox.com,Simple non blocking banner,Bottom bar,"Accept all, Decline all, Set cookie options",Privacy Policy,,
gvt2.com,Unknown Yet,Unknown Yet,,,,
ytimg.com,Unknown Yet,Unknown Yet,,,,
tiktokv.com,Unknown Yet,Unknown Yet,,,,
googledomains.com,No banner,Unknown Yet,,,,
yandex.net,Floating non blocking banner stays until action,Bottom right,"Allow all, Allow essential cookies, Settings",Cookie Policy,,
zoom.us,Floating non blocking banner stays until action (close option given),Center,"Accept cookies, Decline cookies, Cookies settings",Privacy Statement,,
wa.me,No banner,Unknown Yet,,,,
nic.ru,No banner,Unknown Yet,,,,
yandex.ru,No banner,Unknown Yet,,,,
qq.com,No banner,Unknown Yet,,,,
edgekey.net,Unknown Yet,Unknown Yet,,,,
nginx.org,No banner,Unknown Yet,,,,
google-analytics.com,No banner,Unknown Yet,,,,
office365.com,Static non blocking banner stays until action,Top Bar,"Accept, Reject, Manage cookies","Privacy Policy, Third Party Cookies",,
opera.com,Floating non blocking banner stays until action (close option given),Bottom left,"Accept all, Accept selection, Necessary cookies, Marketing cookies, Analytics cookies","Advertising and personalization, Privacy Statement, Cookie Policy ",,
cloudflare-dns.com,No banner,Unknown Yet,,,,
baidu.com,No banner,Unknown Yet,,,,
samsung.com,Blocking banner,Center,"Accept all cookies, only accept necessary cookies, settings","Cookie Notices, Privacy Policy",,
bit.ly,Floating non blocking banner stays until action (close option given),Bottom bar,"Accept all, Cookie Settings","Cookie Policy, Privacy Policy",,
root-servers.net,Unknown Yet,Unknown Yet,,,,
nginx.com,Blocking banner,Center,"Count me in, No thanks, customize settings",Privacy Policy,,
vedcdnlb.com,Unknown Yet,Unknown Yet,,,,
wordpress.com,Floating non blocking banner stays until action,Bottom bar,"Accept all, customize",,,
edgesuite.net,Unknown Yet,Unknown Yet,,,,
intuit.com,Simple non blocking banner,Bottom bar,"Accept all, Decline all, Customize settings",Cookies Statement,,
okcdn.ru,Unknown Yet,Unknown Yet,,,,
ui.com,Floating non blocking banner stays until action (close option given),Bottom left,"Accept all cookies, cookies settings",,,
sentry.io,No banner,Unknown Yet,,,,
windows.com,Static non blocking banner stays until action,Top Bar,"Accept, Reject, Manage cookies","Privacy Statement, Third-Party Cookies",,
mozilla.org,No banner,Unknown Yet,,,,
reddit.com,Simple non blocking banner,Bottom right,"Accept all, Reject optional cookies",how Reddit uses cookies,,
a2z.com,Unknown Yet,Unknown Yet,,,,
unity3d.com,Floating non blocking banner stays until action (close option given),Bottom bar,"Accept all cookies, Reject all, Cookie settings",,,
paypal.com,Floating non blocking banner stays until action (close option given),Bottom bar,"Accept, Reject",Manage cookies and learn more,,
cdninstagram.com,Unknown Yet,Unknown Yet,,,,
googleadservices.com,Unknown Yet,Unknown Yet,,,,
t-msedge.net,Unknown Yet,Unknown Yet,,,,
vk.com,No banner,Unknown Yet,,,,
blogspot.com,No banner,Unknown Yet,,,,
t.me,No banner,Unknown Yet,,,,
europa.eu,Floating non blocking banner stays until action,Bottom bar,"Accept all cookies, Accept only essential cookies",cookies policy page,,
snapchat.com,No banner,Unknown Yet,,,,
discord.gg,Floating non blocking banner stays until action (close option given),Bottom bar,"Accept all cookies, Reject all cookies, Cookies settings",Privacy Notice,,
cloud.microsoft,Static non blocking banner stays until action,Top Bar,"Accept, Reject, Manage cookies","Privacy Statement, Third-Party Cookies",,
github.io,No banner,Unknown Yet,,,,
app-measurement.com,Unknown Yet,Unknown Yet,,,,
dns.google,No banner,Unknown Yet,,,,
amazon-adsystem.com,Unknown Yet,Unknown Yet,,,,
apache.org,No banner,Unknown Yet,,,,
bytefcdn-oversea.com,Unknown Yet,Unknown Yet,,,,
amazon.dev,Unknown Yet,Unknown Yet,,,,
epicgames.com,No banner,Unknown Yet,,,,
gravatar.com,Floating non blocking banner stays until action,Bottom centered bar,"Accept all, Customize",,,
trbcdn.net,Unknown Yet,Unknown Yet,,,,
amazonvideo.com,No banner,Unknown Yet,,,,
dnsowl.com,Unknown Yet,Unknown Yet,,,,
outlook.com,Static non blocking banner stays until action,Top Bar,"Accept, Reject, Manage cookies","Privacy Statement, Third-Party Cookies",,
dropbox.com,No banner,Unknown Yet,,,,
0xrpc.io,No banner,Unknown Yet,,,,
msftncsi.com,Unknown Yet,Unknown Yet,,,,
app-analytics-services.com,Unknown Yet,Unknown Yet,,,,
b-cdn.net,No banner,Unknown Yet,,,,
criteo.com,Blocking banner,Bottom bar,"Accept all, Deny","Privacy Policy, More Information ",,
xiaomi.com,Floating non blocking banner stays until action,Bottom bar,"Accept all, Reject all, Cookie Settings",Cookie Policy,,
steamserver.net,Unknown Yet,Unknown Yet,,,,
pki.goog,No banner,Unknown Yet,,,,
one.one,Blocking banner,Center,"Accept all, Only necessary",Show details,,
archive.org,No banner,Unknown Yet,,,,
nih.gov,No banner,Unknown Yet,,,,
vecdnlb.com,Unknown Yet,Unknown Yet,,,,
ax-msedge.net,Unknown Yet,Unknown Yet,,,,
applovin.com,Floating non blocking banner stays until action (close option given),Bottom bar,"Accept all cookies, reject all, cookies settings",,,
forms.gle,Unknown Yet,Unknown Yet,,,,
cdn77.org,Unknown Yet,Unknown Yet,,,,
myfritz.net,No banner,Unknown Yet,,,,
telekom.de,Blocking banner,Center,"Accept all, Only required, Settings","privacy statement, Privacy Policy, Imprint, Partner list",,
wac-msedge.net,Unknown Yet,Unknown Yet,,,,
tumblr.com,Blocking banner,Center,"I Agree, Learn More",,,
f5.com,Blocking banner,Center,"Count me in, No thanks, customize settings",Privacy Policy,,
miit.gov.cn,No banner,Unknown Yet,,,,
msftconnecttest.com,Unknown Yet,Unknown Yet,,,,
spo-msedge.net,Unknown Yet,Unknown Yet,,,,
kaspersky.com,Floating non blocking banner stays until action,Bottom bar,"Allow all cookies, customize, use necessary cookies only, show details",,,
ggpht.com,Unknown Yet,Unknown Yet,,,,
nytimes.com,Blocking banner,Bottom bar,"Accept all, Reject all, Manage preferences","Cookie Policy, Privacy Policy, Misc",,
registrar-servers.com,No banner,Unknown Yet,,,,
discord.com,Floating non blocking banner stays until action (close option given),Bottom bar,"Accept all cookies, Reject all cookies, Cookies settings",Privacy Notice,,
reg.ru,No banner,Unknown Yet,,,,
3gppnetwork.org,Unknown Yet,Unknown Yet,,,,
vkuserphoto.ru,Unknown Yet,Unknown Yet,,,,
shopify.com,Simple non blocking banner,Bottom left,"Accept cookies, Reject all",,,
aliyuncs.com,Unknown Yet,Unknown Yet,,,,
cdn-apple.com,Unknown Yet,Unknown Yet,,,,
aws.dev,Unknown Yet,Unknown Yet,,,,
tiktokcdn-us.com,Unknown Yet,Unknown Yet,,,,
azurefd.net,No banner,Unknown Yet,,,,
macromedia.com,No banner,Unknown Yet,,,,
mailinabox.email,No banner,Unknown Yet,,,,
godaddy.com,Floating non blocking banner stays until action (close option given),Bottom bar,"Accept, Reject, Manage",Privacy Policy,,
userapi.com,Unknown Yet,Unknown Yet,,,,
flickr.com,Blocking banner,Center,"Accept all, Reject all, Submit Preferences, Manage settings, Required Cookies, Functional Cookies, Advertising Cookies, Purposes, our partners",Privacy Policy,,
adobe.io,Floating non blocking banner stays until action,Bottom bar,"Enable all, Don't enable, cookie settings",,,
cncdn.com,Unknown Yet,Unknown Yet,,,,
soundcloud.com,Simple non blocking banner,Bottom bar,"I accept, Reject all, Manage preferences, List of partners",,,
example.com,No banner,Unknown Yet,,,,
lencr.org,No banner,Unknown Yet,,,,
azurewebsites.net,Unknown Yet,Unknown Yet,,,,
rubiconproject.com,Simple non blocking banner,Bottom left,"Accept all, Reject all, Cookies settings","Website Cookie, Platform Policy, Website Privacy Policy ",,
cnn.com,Simple non blocking banner,Bottom bar,"Accept all, Essential cookies only, Show Purposes","Affiliates, Privacy Policy, List of Partners (vendors)",,
medium.com,No banner,Unknown Yet,,,,
vungle.com,Floating non blocking banner stays until action (close option given),Bottom bar,"Accept, Deny",Cookie Policy,,
w3.org,No banner,Unknown Yet,,,,
avast.com,Blocking banner,Center,"OK, Reject all, Manage",Cookie Policy,,
spov-msedge.net,Unknown Yet,Unknown Yet,,,,
webex.com,Unknown Yet,Unknown Yet,,,,
adnxs.com,Unknown Yet,Unknown Yet,,,,
taboola.com,Floating non blocking banner stays until action,Bottom left,"Accept all, Reject all, Settings","Cookies, Privacy notice, Third parties",,
theguardian.com,Blocking banner,Center,"Accept all, Reject all and Subscribe","privacy policy, cookie policy, partners, misc",,
mts.ru,Simple non blocking banner,Bottom bar,"Accept, More details",misc,,
shifen.com,Unknown Yet,Unknown Yet,,,,
ttdns2.com,Unknown Yet,Unknown Yet,,,,
nist.gov,No banner,Unknown Yet,,,,
msedge.net,Unknown Yet,Unknown Yet,,,,
nflxso.net,Unknown Yet,Unknown Yet,,,,
creativecommons.org,No banner,Unknown Yet,,,,
forbes.com,Blocking banner,Bottom bar,"Accept all, Reject all, Manage Preferences",Privacy Statement,,
playstation.net,Unknown Yet,Unknown Yet,,,,
adtrafficquality.google,No banner,Unknown Yet,,,,
ozon.ru,No banner,Unknown Yet,,,,
twitch.tv,Floating non blocking banner stays until action,Top Bar,"Accept, Reject, Customize","Cookies, Cookie Notice, Privacy Notice",,
wildberries.ru,No banner,Unknown Yet,,,,
azureedge.net,Unknown Yet,Unknown Yet,,,,
t.co,No banner,Unknown Yet,,,,
akamaitech.net,Unknown Yet,Unknown Yet,,,,
bbc.com,Blocking banner,Center,"I agree, I do not agree, Manage options","partners, privacy policy",,
nominetdns.uk,Unknown Yet,Unknown Yet,,,,
uber.com,Floating non blocking banner stays until action,Bottom right,"Accept, Reject, Cookie setting",Cookie notice,,
bbc.co.uk,Blocking banner,Center,"I agree, I do not agree, Manage options","partners, privacy policy",,
oracle.com,Blocking banner,Center,"Accept all, Decline all, View and change cookie preferences","our third party partners, privacy policy",,
sourceforge.net,Blocking banner,Center,"I accept, I do not accept","Third party, More options, Privacy Policy",,
adsrvr.org,No banner,Unknown Yet,,,,
pubmatic.com,Floating non blocking banner stays until action (close option given),Bottom bar,"Accept all, Reject all, Customize Settings",Privacy Policy,,
mit.edu,No banner,Unknown Yet,,,,
researchgate.net,Blocking banner,Bottom bar,"Accept, Reject, Customize","Partners, Privacy Policy",,
sciencedirect.com,Blocking banner,Bottom bar,"Accept all cookies, Accept only necessary cookies, cookie settings","Cookie settings, Cookie Policy",,
ubuntu.com,Floating non blocking banner stays until action,Bottom bar,"Accept all, Manage your tracking settings",cookie policy,,
weather.com,Blocking banner,Bottom right,"Accept all, Reject all, Manage cookie settings","Privacy Policy, Learn more",,
cisco.com,Simple non blocking banner,Bottom left,"Accept, Reject, Manage Cookie settings","Privacy Statement, Cookie Notice",,
comcast.net,Simple non blocking banner,Bottom bar,"Accept all, Decline all, Manage Preferences",Cookie policy,,
canva.com,Floating non blocking banner stays until action,Bottom bar,"Accept all cookies, Reject all cookies, Manage cookies",our cookie policy,,
cpanel.net,Blocking banner,Center,"Accept all, Deny","Privacy Policy, Legal Notice, More Information ",,
merkle.io,No banner,Unknown Yet,,,,
ebay.com,Floating non blocking banner stays until action (close option given),Bottom bar,"Accept all, Decline all, Customise my choices","Cookie Notice, third-party companies",,
mangosip.ru,Unknown Yet,Unknown Yet,,,,
demdex.net,Unknown Yet,Unknown Yet,,,,
miui.com,No banner,Unknown Yet,,,,
gmail.com,Blocking banner,Center,"Reject all, Accept all, More options","Privacy, Terms, Cookie/s, Misc",,
doi.org,No banner,Unknown Yet,,,,
roku.com,Floating non blocking banner stays until action,Bottom bar,"Agree, Reject","privacy policy, cookie consent tool",,
doubleverify.com,Blocking banner,Center,"Agree and Proceed, Required Only, View Cookie Settings",Cookie Notice,,
akamaized.net,Unknown Yet,Unknown Yet,,,,
alibabadns.com,Unknown Yet,Unknown Yet,,,,
youtube-nocookie.com,Unknown Yet,Unknown Yet,,,,
meraki.com,Simple non blocking banner,Bottom left,"Accept, Reject, Manage Cookie settings","Privacy Statement, Cookie Notice",,
scorecardresearch.com,No banner,Unknown Yet,,,,
imdb.com,Floating non blocking banner stays until action,Bottom bar,"Accept, Decline, Customize","Cookie Notice, cookies and advertising choices, Privacy Notice",,
wsdvs.com,Unknown Yet,Unknown Yet,,,,
jomodns.com,Unknown Yet,Unknown Yet,,,,
android.com,No banner,Unknown Yet,,,,
linktr.ee,Floating non blocking banner stays until action,Bottom left,"Accept all, Reject all, Customize my choices","Cookie Policy, misc",,
casalemedia.com,Floating non blocking banner stays until action (close option given),Bottom right,"Accept cookies, Reject all, Your privacy choices","privacy policy, cookie notice",,
static.microsoft,Static non blocking banner stays until action,Top Bar,"Accept, Reject, Manage cookies","Privacy Policy, Third Party Cookies",,
wixsite.com,Unknown Yet,Unknown Yet,,,,
who.int,No banner,Unknown Yet,,,,
hubspot.com,Simple non blocking banner,Top Bar,"Accept all, Decline all, Manage cookies",Cookie Policy,,
nr-data.net,Unknown Yet,Unknown Yet,,,,
yandex.com,Floating non blocking banner stays until action,Bottom right,"Allow all, Allow essential cookies, Settings",Cookie Policy,,
cdngslb.com,Unknown Yet,Unknown Yet,,,,
ksyuncdn.com,Unknown Yet,Unknown Yet,,,,
ttvnw.net,Unknown Yet,Unknown Yet,,,,
omtrdc.net,Unknown Yet,Unknown Yet,,,,
openai.com,Floating non blocking banner stays until action,Bottom bar,"Accept all, Reject non-essential, Manage cookies",Cookie policy,,
salesforce.com,Blocking banner,Center,"Accept all cookies, Do no accept, Cookie consent manager",Privacy Statement,,
dns-parking.com,Unknown Yet,Unknown Yet,,,,
rocket-cdn.com,Unknown Yet,Unknown Yet,,,,
stripe.com,Floating non blocking banner stays until action,Bottom right,"Accept all, Reject all","cookie policy, manage cookies",,
hp.com,Blocking banner,Center,"Accept all cookies, Reject all cookies","your information (the information we collect), cookie settings, learn more",,
samsungqbe.com,Unknown Yet,Unknown Yet,,,,
prudential.com,No banner,Unknown Yet,,,,
launchpad.net,No banner,Unknown Yet,,,,
mikrotik.com,No banner,Unknown Yet,,,,
mozilla.com,No banner,Unknown Yet,,,,
inmobi.com,Blocking banner,Bottom bar,"Accept all, decline, customize",cookie policy,,
shalltry.com,Unknown Yet,Unknown Yet,,,,
hichina.com,Unknown Yet,Unknown Yet,,,,
wikimedia.org,No banner,Unknown Yet,,,,
drom.ru,No banner,Unknown Yet,,,,
tinyurl.com,Blocking banner,Bottom right,"Allow all cookies, Allow only necessary",Cookie policy,,
edgecdn.ru,Unknown Yet,Unknown Yet,,,,
samsungcloud.com,Blocking banner,Bottom bar,"Accept all cookies, Continue without accepting, Manage Cookies","Privacy policy, Cookies",,
grammarly.com,Floating non blocking banner stays until action,Bottom bar,"Accept non-essential cookies, Reject non-essential cookies, ","Cookie Settings, See our privacy policy",,
ok.ru,Floating non blocking banner stays until action,Top Bar,"Allow all, configure",More information,,
appsflyer.com,Blocking banner,Center,"Accept all cookies, Reject all cookies, Customize",Cookie policy,,
media-amazon.com,Unknown Yet,Unknown Yet,,,,
autodesk.com,Floating non blocking banner stays until action,Bottom bar,"Accept, Decline",cookie statement,Manage your cookie preferences,
moe.video,Floating non blocking banner stays until action,Bottom right,Accept,,,
launchdarkly.com,Floating non blocking banner stays until action,Bottom bar,"Accept cookies, Decline cookies",privacy policy,,
openx.net,Unknown Yet,Unknown Yet,,,,
heytapmobile.com,Unknown Yet,Unknown Yet,,,,
mtgglobals.com,Unknown Yet,Unknown Yet,,,,
ea.com,Floating non blocking banner stays until action,Bottom bar,"Accept, Decline, Your Privacy Choices",Privacy and Cookie Policy,,
springer.com,Blocking banner,Bottom bar,"Accept all cookies, Reject optional cookies, Manage Preferences","Partners, Privacy Policy",,
mzstatic.com,No banner,Unknown Yet,,,,
dropcatch.com,No banner,Unknown Yet,,,,
etsy.com,Blocking banner,Center,"Accept all cookies, Essential cookies only, Update Settings",Cookie Policy,,
forter.com,Floating non blocking banner stays until action (close option given),Bottom bar,"Accept all cookies, Reject all, Cookie Settings",,,
reuters.com,Simple non blocking banner,Bottom bar,"Allow all, Reject all, Show purposes, View all partners and exercise your right to object to legitimate interest","Cookie Statement, Privacy Statement",,
alibaba.com,Unknown Yet,Unknown Yet,,,,
ampproject.org,Floating non blocking banner stays until action (close option given),Bottom right,Got it,"use of cookies, privacy policy",,
googleblog.com,Floating non blocking banner stays until action (close option given),Bottom bar,,Learn more,,
www.gov.uk,Static non blocking banner stays until action,Top Bar,"Accept additional cookies, Reject additional cookies",View cookies,,
ibm.com,Floating non blocking banner stays until action,Bottom bar,"Accept all, required only","cookie preferences, privacy statement, misc",,
steampowered.com,Floating non blocking banner stays until action,Bottom bar,"Accept all, Reject all","Cookie Settings page, Privacy Policy",,
fastly-edge.com,Unknown Yet,Unknown Yet,,,,
weebly.com,Floating non blocking banner stays until action,Bottom left,"Accept all, Reject all, Cookie preferences",Cookie Policy,,
amazon.co.uk,Floating non blocking banner stays until action,Bottom bar,"Accept, Decline, Customise","Cookie notice, 103 third parties, Cookie preferences, Privacy notice",,
dnsmadeeasy.com,Floating non blocking banner stays until action,Bottom left,Got it,Learn more,,
booking.com,Floating non blocking banner stays until action,Bottom bar,"Accept, Decline, Manage settings",,,
media.net,Floating non blocking banner stays until action,Bottom bar,"Accept all, Reject all, Customize choices, Cookies",997 third parties,,
tradingview.com,Floating non blocking banner stays until action,Bottom left,"Accept all, Don't allow",Our Policy,manage (tooltip of a small button) ,
jsdelivr.net,Unknown Yet,Unknown Yet,,,,
bilibili.com,No banner,Unknown Yet,,,,
php.net,No banner,Unknown Yet,,,,
harvard.edu,No banner,Unknown Yet,,,,
ivi.ru,Floating non blocking banner stays until action (close option given),Bottom bar,Agree,"cookies, privacy policy, misc",,
nature.com,Blocking banner,Bottom bar,"Accept all cookies, Reject optional cookies, Manage Preferences","partners, privacy policy",,
debian.org,No banner,Unknown Yet,,,,
slack.com,Floating non blocking banner stays until action,Bottom bar,"Accept all cookies, Reject all cookies, Cookie consent manager",Privacy Statement,,
kaspersky-labs.com,Unknown Yet,Unknown Yet,,,,
wiley.com,Simple non blocking banner,Bottom bar,"Accept all, Reject non-essential, Manage preferences",privacy policy,,
capcutapi.com,Unknown Yet,Unknown Yet,,,,
crashlytics.com,Floating non blocking banner stays until action (close option given),Bottom bar,,Learn more,,
weibo.com,No banner,Unknown Yet,,,,
issuu.com,Floating non blocking banner stays until action,Bottom bar,"Accept all, Reject all, Manage Preferences",Privacy Policy,,
opendns.com,Simple non blocking banner,Bottom left,"Accept, Reject, Manage cookie settings","Privacy Statement, Cookie Notice",,
kwai-pro.com,Unknown Yet,Unknown Yet,,,,
telegram.org,No banner,Unknown Yet,,,,
alidns.com,No banner,Unknown Yet,,,,
ezvizlife.com,Floating non blocking banner stays until action,Bottom bar,"Accept, Reject all, Manage",,,
smartadserver.com,Floating non blocking banner stays until action,Bottom bar,"Agree and close, Disagree and close, Learn more, Continue without agreeing, Settings, View our partners",,,
adriver.ru,No banner,Unknown Yet,,,,
adsafeprotected.com,Unknown Yet,Unknown Yet,,,,
checkpoint.com,Floating non blocking banner stays until action (close option given),Bottom bar,"Accept, Reject all, Cookie settings","Privacy Policy, Cookie Notice",,
facebook.net,Unknown Yet,Unknown Yet,,,,
akamaihd.net,Unknown Yet,Unknown Yet,,,,
nasa.gov,No banner,Unknown Yet,,,,
wyzecam.com,Simple non blocking banner,Bottom right,"Accept, Decline, Manage preferences",Privacy Policy,,
douyincdn.com,Unknown Yet,Unknown Yet,,,,
whecloud.com,Unknown Yet,Unknown Yet,,,,
tiktokv.us,Unknown Yet,Unknown Yet,,,,
clarity.ms,Unknown Yet,Unknown Yet,,,,
washingtonpost.com,Simple non blocking banner,Bottom bar,"I accept, Reject all, Show Purposes","List of Partners (vendors), Privacy Policy",,
name-services.com,Unknown Yet,Unknown Yet,,,,
cdc.gov,No banner,Unknown Yet,,,,
myshopify.com,No banner,Unknown Yet,,,,
vedsalb.com,Unknown Yet,Unknown Yet,,,,
wbx2.com,Unknown Yet,Unknown Yet,,,,
mi.com,Floating non blocking banner stays until action,Bottom bar,"Accept all, Reject all, Cookie Settings",Cookie Policy,,
gnu.org,No banner,Unknown Yet,,,,
myhuaweicloud.com,Unknown Yet,Unknown Yet,,,,
cookielaw.org,Simple non blocking banner,Bottom bar,"Accept all cookies, Accept only the necessary, Adjust my settings",Cookie Policy,,
inner-active.mobi,Unknown Yet,Unknown Yet,,,,
wsj.com,Blocking banner,Bottom bar,"""Yes, I agree"", Manage settings",Partners,,
naver.com,No banner,Unknown Yet,,,,
t-mobile.com,No banner,Unknown Yet,,,,
un.org,No banner,Unknown Yet,,,,
sc-cdn.net,Unknown Yet,Unknown Yet,,,,
allawnos.com,Unknown Yet,Unknown Yet,,,,
bamgrid.com,Unknown Yet,Unknown Yet,,,,
dailymail.co.uk,Blocking banner,Bottom bar,"Accept, Reject and Purchase daily mail essential","Partners, Privacy Policy, Privacy Settings",,
mynetname.net,Unknown Yet,Unknown Yet,,,,
telekom.net,Blocking banner,Center,"Accept all, Only required, Settings","Privacy Policy, Imprint, Partner list",,
samsungcloudsolution.com,Unknown Yet,Unknown Yet,,,,
xboxlive.com,Static non blocking banner stays until action,Top Bar,"Accept, Reject, Manage cookies","Privacy Policy, Third Party Cookies",,
xcal.tv,Unknown Yet,Unknown Yet,,,,
vk.ru,No banner,Unknown Yet,,,,
trueconf.net,Floating non blocking banner stays until action,Bottom bar,"Accept all, Reject all, Customize",Learn how we protect your privacy,,
businessinsider.com,Blocking banner,Center,"Accept all, Ad-free for 3.99 € / Month, Settings","Privacy Policy, misc",,
bloomberg.com,Blocking banner,Center,"""Yes, I accept"", ""No, I do not accept"", Manage cookies","third party partners, Privacy Policy, right to object ",,
live-video.net,Unknown Yet,Unknown Yet,,,,
dell.com,Simple non blocking banner,Bottom left,"Accept all, Reject all, Manage Cookies",Cookie-Notice,,
cdnbuild.net,Unknown Yet,Unknown Yet,,,,
avsxappcaptiveportal.com,Unknown Yet,Unknown Yet,,,,
dailymotion.com,Blocking banner,Center,"Accept, Personalise, Continue without accepting","non-IAB Partners, IAB Partners, Selected Commercial Partners, Terms of Use, Privacy, Cookie ",,
telegraph.co.uk,Blocking banner,Center,"I accept, Essential cookies only, Manage",misc,,
nvidia.com,Simple non blocking banner,Center,"Accept all, Reject optional cookies, Manage Settings","Cookie Policy, privacy policy",,
aliyun.com,Floating non blocking banner stays until action,Bottom bar,"Accept, Decline all, Manage settings",Cookies Notice,,
amplitude.com,Floating non blocking banner stays until action,Bottom bar,"Accept, Manage settings",misc,,
3lift.com,Blocking banner,Bottom bar,"Accept all, Deny all, Save Settings, More information, Personalised Advertising, Website Functionality, Analytics, Personalised Content","Privacy Notice, Cookie Notice",,
stanford.edu,No banner,Unknown Yet,,,,
ibyteimg.com,Unknown Yet,Unknown Yet,,,,
byteoversea.net,Unknown Yet,Unknown Yet,,,,
dual-s-msedge.net,Unknown Yet,Unknown Yet,,,,
pages.dev,Blocking banner with option to close,Bottom bar,"Accept all cookies, Reject all, Cookie Preferences",,,
netflix.net,Floating non blocking banner stays until action (close option given),Top Bar,"Accept, Reject, Learn more",cookies and similar technologies ,,
go.com,No banner,Unknown Yet,,,,
keenetic.io,Unknown Yet,Unknown Yet,,,,
tp-link.com,Simple non blocking banner,Center,"Accept all cookies, save settings, necessary cookies, analysis and marketing cookies",privacy policy,,
scdn.co,Unknown Yet,Unknown Yet,,,,
heytapdl.com,Unknown Yet,Unknown Yet,,,,
afternic.com,Floating non blocking banner stays until action (close option given),Bottom bar,"Accept, Decline, Manage",Privacy Policy,,
temu.com,Blocking banner,Bottom bar,"Accept all, Reject all",,"Customise cookies, Cookies and Similar Technologies policy",
vivoglobal.com,Floating non blocking banner stays until action (close option given),Bottom bar,,"Cookie Policy, Privacy Policy",,
netangels.ru,Floating non blocking banner stays until action,Bottom right,Okay,Learn more,,
cloudns.net,Floating non blocking banner stays until action,Bottom bar,"Accept all, Customize",Cookie Policy,,
plesk.com,Blocking banner,Center,"Accept all, Deny, More Information","Privacy Policy, Legal Notice",,
sc-gw.com,Unknown Yet,Unknown Yet,,,,
easebar.com,Unknown Yet,Unknown Yet,,,,
ipv4only.arpa,Unknown Yet,Unknown Yet,,,,
aliexpress.com,Floating non blocking banner stays until action (close option given),Bottom bar,"Accept cookies, Reject cookies, Personalize cookies","Cookie settings, Cookie Notice",,Later text instead of cross or close to close banner
espn.com,Simple non blocking banner,Center,"Accept all, Reject all, Show Purposes","List of Partners (vendors), Cookie Policy",,
cloudflareinsights.com,No banner,Unknown Yet,,,,
kwaipros.com,Unknown Yet,Unknown Yet,,,,
rzone.de,Unknown Yet,Unknown Yet,,,,
tiktokcdn-eu.com,Unknown Yet,Unknown Yet,,,,
vkuser.net,Unknown Yet,Unknown Yet,,,,
globo.com,Floating non blocking banner stays until action,Bottom bar,Proceed,"Privacy Notice, Privacy Portal",,
unsplash.com,Floating non blocking banner stays until action (close option given),Bottom right,"Accept all cookies, Accept essential only","Cookie Policy, Manage cookies",,
amazonalexa.com,No banner,Unknown Yet,,,,
indeed.com,Floating non blocking banner stays until action,Bottom bar,"Accept all Cookies, Reject all, Cookies Settings"," Privacy Policy, Cookie Policy, Terms",,
t-online.de,Blocking banner,Center,,,,
duckduckgo.com,No banner,Unknown Yet,,,,
aliyuncsslbintl.com,Unknown Yet,Unknown Yet,,,,
walmart.com,No banner,Unknown Yet,,,,
discord.media,Unknown Yet,Unknown Yet,,,,
google.com.br,Blocking banner,Center,"Reject all, Accept all, More options","Privacy, Terms, Cookie/s, Misc",,
ngenix.net,Floating non blocking banner stays until action,Bottom bar,Accept,"the terms of cookies, the User Agreement, misc",,
trustpilot.com,Blocking banner,Center,"Accept all, Reject all, Manage Cookies",Cookie Policy,,
cornell.edu,No banner,Unknown Yet,,,,
wp.com,Floating non blocking banner stays until action,Bottom centered bar,"Customize, Accept all",No link,,
cookiedatabase.org,Floating non blocking banner stays until action (close option given),Bottom right,"Accept, Deny, View preferences","Manage services, Cookie policy, Privacy Statement",,
avcdn.net,Unknown Yet,Unknown Yet,,,,
msidentity.com,Unknown Yet,Unknown Yet,,,,
amazon.de,Floating non blocking banner stays until action,Bottom bar,"Accept, Deny, Customize","Service/s, Cookie Notice, Misc",,
telegram.me,No banner,Unknown Yet,,,,
imcmdb.net,Unknown Yet,Unknown Yet,,,,
tiktokv.eu,Unknown Yet,Unknown Yet,,,,
staples.com,Blocking banner,Center,"Consent, Manage Options",List of partners,,
calendly.com,Floating non blocking banner stays until action,Bottom left,"Accept all, Decline all, Cookie settings",Privacy Notice,,
gosuslugi.ru,No banner,Unknown Yet,,,,
taobao.com,No banner,Unknown Yet,,,,
sfx.ms,Unknown Yet,Unknown Yet,,,,
steamcommunity.com,Floating non blocking banner stays until action,Bottom bar,"Accept all, Reject all","Cookie Settings page, Privacy Policy",,
163.com,No banner,Unknown Yet,,,,
nstld.com,No banner,Unknown Yet,,,,
pangle.io,Unknown Yet,Unknown Yet,,,,
adobe.net,Floating non blocking banner stays until action,Bottom bar,"Enable all, Don't Enable, Cookie settings",,,
aol.com,Blocking banner,Center,"Accept all, Reject all, Manage privacy settings","our partners, Privacy Policy, Cookie Policy",,
branch.io,Floating non blocking banner stays until action (close option given),Bottom bar,"Accept all Cookies, Reject all, Cookies Settings",,,
huawei.com,Simple non blocking banner,Top Bar,,Read our privacy policy,,
telecid.ru,Unknown Yet,Unknown Yet,,,,
duolingo.com,Floating non blocking banner stays until action,Bottom bar,"Accept Cookies, Reject all",Cookie Policy,,
firetvcaptiveportal.com,Unknown Yet,Unknown Yet,,,,
statista.com,Blocking banner,Center,"Accept all, Adjust Settings, Reject Optional Cookies, List of Partners (Vendors)",Privacy Statement,,
hostgator.com,Blocking banner,Center,"Got it, Reject all, Cookies settings","Terms of Use,  Privacy Policy, Cookie Notice",,
quora.com,Floating non blocking banner stays until action (close option given),Bottom right,"I accept, Reject all, Cookie settings, List of Partners (Vendors)",,,
gamepass.com,Static non blocking banner stays until action,Top Bar,"Accept, Reject, Manage cookies","Privacy Policy, Third Party Cookies",,
pixabay.com,Floating non blocking banner stays until action (close option given),Bottom bar,"Accept all cookies, Reject all, Cookies settings",,,
ipify.org,No banner,Unknown Yet,,,,
cnbc.com,Unknown Yet,Unknown Yet,,,,
line.me,No banner,Unknown Yet,,,,
gitlab.com,Simple non blocking banner,Bottom bar,"Accept all cookies, Reject all, Cookies settings",Cookie Policy,,
zendesk.com,Blocking banner,Center,"Accept all, Reject all, Cookie Settings",Cookie Policy,,
online-metrix.net,Unknown Yet,Unknown Yet,,,,
crpt.ru,No banner,Unknown Yet,,,,
expireddomains.com,Floating non blocking banner stays until action,Bottom bar,"Accept all, Change, Cookie details",Privacy statement,,
addtoany.com,No banner,Unknown Yet,,,,
list-manage.com,Unknown Yet,Unknown Yet,,,,
goodreads.com,No banner,Unknown Yet,,,,
beian.gov.cn,Unknown Yet,Unknown Yet,,,,
cdnvideo.ru,Floating non blocking banner stays until action,Bottom bar,Accept,In more detail,,
sberbank.ru,Floating non blocking banner stays until action,Bottom left,Accept,"Cookie Policy, Data Protection",,
giphy.com,Floating non blocking banner stays until action,Bottom bar,"Agree, Disagree, Manage Cookies",View our 35 partners,,
ietf.org,No banner,Unknown Yet,,,,
yahoo.co.jp,No banner,Unknown Yet,,,,
foxnews.com,No banner,Unknown Yet,,,,
npr.org,Simple non blocking banner,Bottom left,"Accept all, Reject all, Manage preferences, List of partners (service providers or vendors)",,,
nflximg.com,Unknown Yet,Unknown Yet,,,,
imgsmail.ru,Floating non blocking banner stays until action,Bottom right,"Accept all, Settings",Privacy notice,,
speedtest.net,Floating non blocking banner stays until action,Center,"I accept, Reject all, More options, List of Partners (vendors)",Our Privacy Policy,,
hcaptcha.com,No banner,Unknown Yet,,,,
aiv-cdn.net,Unknown Yet,Unknown Yet,,,,
kwai.net,Unknown Yet,Unknown Yet,,,,
eventbrite.com,Floating non blocking banner stays until action,Bottom left,"Reject all, Accept all, More choices","Cookie statement, See our privacy policy, misc",,
g.page,Blocking banner,Center,"Reject all, Accept all, More options","Privacy, Terms, Cookie/s, misc",,
byteglb.com,Unknown Yet,Unknown Yet,,,,
okta.com,Floating non blocking banner stays until action (close option given),Bottom bar,"Accept all cookies, Reject all cookies, Cookies settings",privacy policy,,
eye4.cn,No banner,Unknown Yet,,,,
mediatek.com,No banner,Unknown Yet,,,,
google.de,Blocking banner,Center,"Reject all, Accept all, More options","Privacy, Terms, Cookie/s, Misc",,
icloud-content.com,No banner,Unknown Yet,,,,
elasticbeanstalk.com,Floating non blocking banner stays until action,Bottom bar,"Accept, Decline, Customize",,,
tbcache.com,Unknown Yet,Unknown Yet,,,,
mcafee.com,Floating non blocking banner stays until action,Bottom bar,"Accept all, Reject all, Cookie consent tool","Cookie Notice, Privacy Notice, Cookie Settings",,
amzn.to,No banner,Unknown Yet,,,,
mysql.com,Blocking banner,Center,"Accept all, Decline all, View and change cookie preferences","our third party partners, privacy policy",,
myqcloud.com,Unknown Yet,Unknown Yet,,,,
2mdn.net,Unknown Yet,Unknown Yet,,,,
nease.net,No banner,Unknown Yet,,,,
independent.co.uk,Blocking banner,Bottom bar,"I accept, essential cookies only, show purposes","partners, Privacy Policy",,
tm-azurefd.net,Unknown Yet,Unknown Yet,,,,
wired.com,Blocking banner,Center,"I accept, Your privacy choices","Privacy Policy, misc",,
cdn20.com,Unknown Yet,Unknown Yet,,,,
teamviewer.com,Simple non blocking banner,Bottom bar,"Accept all cookies, only necessary cookies, cookie settings","Cookie Privacy Policy, General Privacy Policy,  Download TeamViewer, Imprint ",,
behance.net,Floating non blocking banner stays until action,Bottom bar,"Enable all, Don't Enable, Cookie settings",,,
netease.com,No banner,Unknown Yet,,,,
scribd.com,Simple non blocking banner,Bottom bar,"Accept all, reject non-essential, save preferences, Storage, Targeted Advertising, Personalization, Performance Cookies","Privacy Policy, Your Privacy Choices",,
shein.com,Floating non blocking banner stays until action,Bottom left,"Accept all, Reject all, Manage Cookies",You can find more information in our privacy policy.,,
slideshare.net,Simple non blocking banner,Bottom bar,"Accept all, reject non-essential, save preferences, Storage, Targeted Advertising, Personalization, Performance Cookies","Privacy Policy, Your Privacy Choices, Third Parties ",,
wswebcdn.com,Unknown Yet,Unknown Yet,,,,
rbxcdn.com,Unknown Yet,Unknown Yet,,,,
indiatimes.com,Blocking banner,Center,"Consent, Manage Options",,,
notamedia.ru,Floating non blocking banner stays until action,Bottom right,Accept and close,"consent, misc",,
nflxvideo.net,Floating non blocking banner stays until action (close option given),Center,"Accept, Reject, Learn more",cookies and similar technologies,,
namebrightdns.com,Unknown Yet,Unknown Yet,,,,
onelink.me,Blocking banner,Center,"Accept all cookies, Reject all cookies, Customize",cookies policy,,
stackoverflow.com,Floating non blocking banner stays until action,Bottom left,"Accept all, Necessary Cookies only, Customize settings, List of Partners (Vendors)",Cookie Policy,,
360yield.com,No banner,Unknown Yet,,,,
a-msedge.net,Unknown Yet,Unknown Yet,,,,
gandi-ns.fr,Unknown Yet,Unknown Yet,,,,
my.com,Unknown Yet,Unknown Yet,,,,
safebrowsing.apple,Unknown Yet,Unknown Yet,,,,
gcdn.co,Unknown Yet,Unknown Yet,,,,
paloaltonetworks.com,Floating non blocking banner stays until action (close option given),Bottom bar,"Accept all, Reject all, Cookie Settings",Privacy Statement,,
visualstudio.com,Static non blocking banner stays until action,Top Bar,"Accept, Reject, Manage cookies","Privacy Statement, Third-Party Cookies",,
name.com,Floating non blocking banner stays until action (close option given),Bottom bar,"Accept all, Reject all, Preferences",Privacy Policy,,
amazon.co.jp,No banner,Unknown Yet,,,,
consultant.ru,Floating non blocking banner stays until action,Bottom left,Understandable,misc,,
firefox.com,No banner,Unknown Yet,,,,
bsky.app,No banner,Unknown Yet,,,,
awsglobalaccelerator.com,Unknown Yet,Unknown Yet,,,,
intel.com,Simple non blocking banner,Bottom left,"Enable Cookies, Disable Cookies, Manage cookie settings",Cookie Policy,,
sohu.com,No banner,Unknown Yet,,,,
svc.ms,Unknown Yet,Unknown Yet,,,,
time.com,Floating non blocking banner stays until action,Bottom left,"Accept all, Reject all, Show Purposes",,,
ys7.com,No banner,Unknown Yet,,,,
worldnic.com,Unknown Yet,Unknown Yet,,,,
deviantart.com,No banner,Unknown Yet,,,,
blogger.com,No banner,Unknown Yet,,,,
ft.com,Blocking banner,Center,"Accept, Reject, Manage cookies","technology partners, cookie policy",,
tencent-cloud.net,Unknown Yet,Unknown Yet,,,,
aiv-delivery.net,Unknown Yet,Unknown Yet,,,,
docker.com,Floating non blocking banner stays until action (close option given),Bottom bar,"Accept all cookies, Reject all, Cookies Settings",,,
uol.com.br,Blocking banner with option to close,Center,"Consent, Manage Options",List of partners,,
xhamster.com,Blocking banner,Center,"Accept, Reject","Manage cookies, Cookie Policy, Privacy Policy, misc",,
usatoday.com,Floating non blocking banner stays until action,Center,"Accept all, Reject all, Manage Cookies, List of Partners (vendors)",For more information about how we use your data visit our Privacy Policy,,
ya.ru,Floating non blocking banner stays until action,Bottom right,"Allow all, Allow essential cookies, Settings",Cookie Policy,,
timeweb.ru,Floating non blocking banner stays until action,Bottom bar,Agree,Cookies,,
wb.ru,Floating non blocking banner stays until action,Bottom right,Okay,Cookies,,
supercell.com,Blocking banner,Center,"Accept all cookies, Necessary cookies, Manage cookies",Learn more,,
duckdns.org,No banner,Unknown Yet,,,,
run.app,Unknown Yet,Unknown Yet,,,,
jquery.com,No banner,Unknown Yet,,,,
capcut.com,Floating non blocking banner stays until action,Bottom bar,"Accept everything, Refuse everything","manage your cookies, Cookie Policy",,
rlcdn.com,Unknown Yet,Unknown Yet,,,,
mulesoft.com,Blocking banner,Center,"Accept all cookies, Do not accept",Privacy Statement,,
tripadvisor.com,No banner,Unknown Yet,,,,
rakuten.co.jp,No banner,Unknown Yet,,,,
rt.ru,Floating non blocking banner stays until action,Bottom bar,Accept,,,
2gis.com,Floating non blocking banner stays until action (close option given),Bottom bar,,Learn more,,
fast.com,No banner,Unknown Yet,,,,
tplinkcloud.com,No banner,Unknown Yet,,,,
dynatrace.com,Floating non blocking banner stays until action,Bottom left,"Accept all cookies, Reject all cookies, Manage Preferences",Privacy Notice,,
azure-dns.com,Unknown Yet,Unknown Yet,,,,
dnspod.net,Unknown Yet,Unknown Yet,,,,
awswaf.com,Unknown Yet,Unknown Yet,,,,
eset.com,Simple non blocking banner,Bottom bar,"Accept all and close, Manage cookies",Cookie Policy,,
qlivecdn.com,Unknown Yet,Unknown Yet,,,,
sophos.com,Blocking banner with option to close,Bottom bar,"Accept all cookies, Reject all cookies, Cookies Settings",Cookie Policy,,
braze.com,Simple non blocking banner,Bottom left,"Accept, Reject, Cookie Consent Manager",Cookie Policy,,
sharethrough.com,Blocking banner,Bottom bar,"Agree and Proceed, Reject all, Manage Options",misc,,
oup.com,Floating non blocking banner stays until action,Bottom bar,"Accept all, Reject and manage",Cookie Policy,,
trendmicro.com,Floating non blocking banner stays until action,Bottom bar,"Accept, Cookies settings",Learn more,,
shopee.com.br,Floating non blocking banner stays until action,Bottom bar,"Accept all cookies, Cookie settings",Privacy Policy,,
hotjar.com,Blocking banner,Bottom bar,"Accept, Reject all, Cookie settings",Cookie Policy,,
onetrust.com,Simple non blocking banner,Bottom bar,"Accept all cookies, Accept only the necessary, Adjust my settings",Cookie Policy,,
yahoodns.net,Unknown Yet,Unknown Yet,,,,
sina.com.cn,No banner,Unknown Yet,,,,
target.com,No banner,Unknown Yet,,,,
markmonitor.com,Floating non blocking banner stays until action (close option given),Bottom bar,"Got it, Cookie settings","Terms of Use, Privacy Policy, Cookie Notice",,
uk.com,No banner,Unknown Yet,,,,
berkeley.edu,No banner,Unknown Yet,,,,
optimizely.com,No banner,Unknown Yet,,,,
wix.com,Floating non blocking banner stays until action (close option given),Bottom bar,"Accept, Decline all, Advanced",Cookie policy,,
tandfonline.com,Floating non blocking banner stays until action,Center,"Accept all, Reject all, Manage Preferences","Privacy Policy, misc",,
bidswitch.net,Unknown Yet,Unknown Yet,,,,
atlassian.com,Floating non blocking banner stays until action (close option given),Bottom bar,"Accept all cookies, Reject all cookies, Manage Preferences",Atlassian Cookies and Tracking Notice,,
adobedtm.com,Unknown Yet,Unknown Yet,,,,
substack.com,Floating non blocking banner stays until action,Bottom bar,"Accept, Reject, Manage",Privacy Policy,,
ln-msedge.net,Unknown Yet,Unknown Yet,,,,
nintendo.com,Floating non blocking banner stays until action,Bottom left,"Accept all cookies, Reject all non-essential cookies, Set cookie preferences",Privacy Policy,,
playstation.com,Simple non blocking banner,Bottom bar,"Accept, Decline, Settings",see our Cookie Policy,,
ca.gov,No banner,Unknown Yet,,,,
atlassian.net,Floating non blocking banner stays until action (close option given),Bottom bar,"Accept all cookies, Reject all cookies, Manage Preferences",Atlassian Cookies and Tracking Notice,,
comcast.com,Simple non blocking banner,Bottom bar,"Accept all, Decline all, Cookie Preferences",Cookie policy,,
loc.gov,No banner,Unknown Yet,,,,
noaa.gov,No banner,Unknown Yet,,,,
britannica.com,No banner,Unknown Yet,,,,
xiaomi.net,Unknown Yet,Unknown Yet,,,,
arxiv.org,No banner,Unknown Yet,,,,
spaceweb.pro,Unknown Yet,Unknown Yet,,,,
yccdn.ru,Unknown Yet,Unknown Yet,,,,
googlezip.net,Unknown Yet,Unknown Yet,,,,
aboutads.info,No banner,Unknown Yet,,,,
telephony.goog,Unknown Yet,Unknown Yet,,,,
quickconnect.to,Floating non blocking banner stays until action,Top Bar,Ok,Cookie Policy,,
ip-api.com,No banner,Unknown Yet,,,,
samsungapps.com,Unknown Yet,Unknown Yet,,,,
intercom.io,Floating non blocking banner stays until action (close option given),Bottom left,"Accept all, Reject all, Manage your cookies",Cookie Policy,,
typeform.com,Floating non blocking banner stays until action,Bottom bar,"Accept all, Cookie settings",cookie policy,,
yelp.com,Floating non blocking banner stays until action,Bottom bar,"Allow all cookies, Accept only essential cookies, Manage cookies",More information,,
force.com,Blocking banner,Center,"Allow all cookies, Do not accept, Cookie consent manager",Privacy Statement,,
githubusercontent.com,Unknown Yet,Unknown Yet,,,,
ipinfo.io,Floating non blocking banner stays until action,Bottom bar,"Accept, Decline, Preferences",Cookie Policy,,
squarespace.com,Floating non blocking banner stays until action,Bottom bar,"Accept, Reject all, Manage settings","Cookie Policy, Privacy Policy",,
ikea.com,Floating non blocking banner stays until action,Bottom left,"Accept, Reject, Cookie settings",privacy and cookie statement,,
accuweather.com,Blocking banner,Bottom left,"Consent, Do not consent, Manage options",Privacy Policy,,
ieee.org,Simple non blocking banner,Bottom bar,"Accept all, Reject all, Save, Targeted Advertising, Personalization, Analytics","Privacy Policy, Storage Preferences",,
amazontrust.com,No banner,Unknown Yet,,,,
rutube.ru,Floating non blocking banner stays until action,Bottom left,Ok,more details,,
free.fr,Blocking banner,Center,"Agree and close, Disagree and close, Learn more",View our partners,,
avito.ru,Unknown Yet,Unknown Yet,,,,
googletagservices.com,Unknown Yet,Unknown Yet,,,,
licdn.com,Unknown Yet,Unknown Yet,,,,
digitalocean.com,No banner,Unknown Yet,,,,
mega.co.nz,Floating non blocking banner stays until action,Bottom bar,"Accept all, Reject all, Customise",Cookie Policy,,
360safe.com,Unknown Yet,Unknown Yet,,,,
jotform.com,Floating non blocking banner stays until action,Bottom bar,"Accept all, Reject all, Customize Settings",Learn more,,
xfinity.com,Simple non blocking banner,Bottom bar,"Accept all, Decline all, Cookie preferences",Cookie Policy,,
brave.com,No banner,Unknown Yet,,,,
surveymonkey.com,Blocking banner,Center,"Accept all, Reject all, Customise","Privacy Notice, Cookies Notice",,
alicdn.com,Unknown Yet,Unknown Yet,,,,
imgur.com,Blocking banner,Center,"Consent, Manage options",List of partners,,
cnet.com,Simple non blocking banner,Center,"Accept all, Reject all, Show purposes, List of Partners (vendors)",Our Privacy Policy,,
twimg.com,Unknown Yet,Unknown Yet,,,,
bx-msedge.net,Unknown Yet,Unknown Yet,,,,
fontawesome.com,Floating non blocking banner stays until action,Bottom left,"Accept all cookies, necessary only, Customize",Read more here,,
oraclecloud.com,Blocking banner,Center,"Accept all, Decline all, View and change cookie preferences","our third party partners, privacy policy",,
stackadapt.com,Floating non blocking banner stays until action,Bottom bar,"Accept all, Reject all, Customize",Cookie Policy,,
fandom.com,Blocking banner,Bottom bar,"I accept, Show purposes, List of Partners (vendors)",,,
redhat.com,Blocking banner,Center,"Agree and proceed with standard settings, Proceed with Required Cookies only, View cookie preferences",Privacy Statement,,
ovh.net,No banner,Unknown Yet,,,,
nic.network,Floating non blocking banner stays until action (close option given),Bottom bar,"Accept all, Reject all, Preferences",Privacy Policy,,
conviva.com,Floating non blocking banner stays until action,Top Bar,"Accept all, Reject all, Cookie settings",Cookie Policy,,
marriott.com,Blocking banner,Center,"Accept all, Reject all, Cookies settings",,,
publicnode.com,No banner,Unknown Yet,,,,
typekit.net,Unknown Yet,Unknown Yet,,,,
vkontakte.ru,No banner,Unknown Yet,,,,
nike.com,Blocking banner,Center,"Accept all, Reject all, Confirm selection",Privacy and Cookie Policy,,
ups.com,Simple non blocking banner,Center,"Accept all Cookies, Essential Cookies only, Cookies settings",Privacy Notice,,
newrelic.com,Simple non blocking banner,Center,"Accept all, Reject Non-Essential","Privacy Notice, Storage Preferences",,
live.net,Unknown Yet,Unknown Yet,,,,
impervadns.net,Unknown Yet,Unknown Yet,,,,
shutterstock.com,Floating non blocking banner stays until action,Bottom left,"Accept all Cookies, Reject all, Cookies settings",,,
google.com.hk,Blocking banner,Center,"Reject all, Accept all, More options","Privacy, Terms, Cookie/s, Misc",,
hath.network,No banner,Unknown Yet,,,,
cbsnews.com,Blocking banner,Bottom left,"Accept, Reject, Manage",Privacy Policy,,
ted.com,Simple non blocking banner,Bottom bar,"Accept all, Reject non-essential, Save, Storage, Targeted Advertising, Personalization, Analytics","Privacy Policy, Storage Preferences, Third Parties",,
amazon.fr,Floating non blocking banner stays until action,Bottom bar,"Accept, Decline, Customise ","Cookie notice, 103 third parties, misc",,
agkn.com,Unknown Yet,Unknown Yet,,,,
dreamhost.com,Floating non blocking banner stays until action (close option given),Bottom bar,"Accept all, Reject all, Cookies settings",Privacy Policy,,
viber.com,Floating non blocking banner stays until action (close option given),Bottom bar,"Accept all Cookies, Reject all Cookies, Cookies settings",Cookie Policy,,
grammarly.io,Unknown Yet,Unknown Yet,,,,
yieldmo.com,Floating non blocking banner stays until action,Bottom bar,"I accept, Reject All, Show purposes, List of Partners (vendors)",,,
hicloud.com,Unknown Yet,Unknown Yet,,,,
g.co,No banner,Unknown Yet,,,,
wattpad.com,Floating non blocking banner stays until action,Bottom bar,"I accept, Reject All, Show purposes, List of Partners (vendors)",Cookie Policy,,
elpais.com,Blocking banner,Top Bar,"Accept, Configuration, our partners, View our 976 partners",,,
smaato.net,Unknown Yet,Unknown Yet,,,,
oxylabs.io,Floating non blocking banner stays until action,Bottom bar,"Accept all cookies, customize, Show details",misc,,
deepl.com,Floating non blocking banner stays until action,Bottom bar,"Accept, Reject, Show options",Privacy Policy,,
wbbasket.ru,Unknown Yet,Unknown Yet,,,,
he.net,No banner,Unknown Yet,,,,
bluehost.com,Blocking banner,Center,"Got it, Reject all, Cookies settings","Terms of Use,  Privacy Policy, Cookie Notice",,
apnews.com,Simple non blocking banner,Center,"I Accept all, I Reject All (except Strictly Necessary), See Purposes and Manage Privacy Choices","List of Third-Party Partners (Vendors), Cookie Policy (Privacy Policy Section 5)",,
enacdn.net,Unknown Yet,Unknown Yet,,,,
b-msedge.net,Unknown Yet,Unknown Yet,,,,
outbrain.com,Blocking banner,Center,"Accept cookies, Reject all, Cookies settings",Outbrain’s Privacy Policy,,
tapad.com,No banner,Unknown Yet,,,,
dotomi.com,Simple non blocking banner,Center,"I Accept, Reject all, Show purposes, List of Partners (vendors)",Epsilon Privacy Policy,,
nbcnews.com,Blocking banner,Bottom bar,Continue,Cookie Policy,,
vidaahub.com,Unknown Yet,Unknown Yet,,,,
edgecastdns.net,Unknown Yet,Unknown Yet,,,,
pendo.io,Floating non blocking banner stays until action (close option given),Bottom bar,"Accept all cookies, Manage preferences",,,
service.gov.uk,Static non blocking banner stays until action,Top Bar,"Accept additional cookies, Reject additional cookies",View cookies,,
lijit.com,No banner,Unknown Yet,,,,
klaviyo.com,Floating non blocking banner stays until action,Bottom bar,"Accept all, Reject all, More choices","Terms of Service, See our privacy policy, misc",,
pinimg.com,No banner,Unknown Yet,,,,
amazon.ca,No banner,Unknown Yet,,,,
bitrix24.ru,Floating non blocking banner stays until action,Bottom bar,Ok,Change the settings,,
google.co.uk,Blocking banner,Center,"Accept all, Reject all, More options","Privacy, Terms, Cookie/s, Misc",,
otto.de,Floating non blocking banner stays until action,Bottom bar,"Ok, Reject Consent, More information","20 partners, Data usage, misc",,
1rx.io,Unknown Yet,Unknown Yet,,,,
appcenter.ms,No banner,Unknown Yet,,,,
withgoogle.com,Blocking banner,Center,"Reject all, Accept all, More options","Privacy, Terms, Cookie/s, Misc",,
riotgames.com,Simple non blocking banner,Bottom bar,"Accept all, Reject Non-essential, Save, Targeted Advertising, Personalization, Analytics","Privacy Notice, Storage Preferences",,
techcrunch.com,Blocking banner,Center,"Consent, Do not consent, Manage options, Learn more",List of partners,,
xvideos.com,Blocking banner,Center,"Accept all cookies, Reject all cookies, Manage Cookies",Cookie Policy,,
id5-sync.com,No banner,Unknown Yet,,,,
mdpi.com,Floating non blocking banner stays until action,Bottom bar,"Accept all, Deny, More information",,,
unesco.org,Floating non blocking banner stays until action (close option given),Bottom bar,,our privacy notice,,
cambridge.org,Floating non blocking banner stays until action (close option given),Bottom bar,"Accept all cookies, Reject all, Cookie Settings",Cookie notice,,
anydesk.com,Floating non blocking banner stays until action (close option given),Bottom bar,"Accept all, Reject all, Customize",Further information can be found in our Privacy Policy,,
crwdcntrl.net,Unknown Yet,Unknown Yet,,,,
llamarpc.com,No banner,Unknown Yet,,,,
bdydns.com,Unknown Yet,Unknown Yet,,,,
verisign.com,Floating non blocking banner stays until action,Bottom bar,"Accept all cookies, Reject all, Cookie Settings",Privacy Policy,,
mailchimp.com,Simple non blocking banner,Bottom right,"Dismiss, Reject all, Cookie settings",Cookie Statement,,
wp.pl,Blocking banner,Bottom bar,"I accept and go to the service, I reject and I want to know more, Trusted Partners of IAB, the advanced settings, Trusted Partners IAB","Trusted Partners, misc",,
spiegel.de,Blocking banner,Center,"Consent and Continue, Subscribe now, Preferences","privacy policy, Privacy Center, third party providers, Imprint, Privacy Policy, General Terms and Conditions, misc",,
quantserve.com,No banner,Unknown Yet,,,,
lemonde.fr,Blocking banner,Center,"Accept and Continue, Subscribe, partners, What are cookies used for, Why the world is asking you to accept these data processing ",misc,,
omnitagjs.com,Unknown Yet,Unknown Yet,,,,
nel.goog,Unknown Yet,Unknown Yet,,,,
bidr.io,Unknown Yet,Unknown Yet,,,,
geobasket.ru,Unknown Yet,Unknown Yet,,,,
lenovo.com,Blocking banner,Center,"Accept cookies, ""No, thank you, only necessary cookies"", Cookie settings, cookie consent tool",Privacy Policy,,
sentinelone.net,Unknown Yet,Unknown Yet,,,,
hihonorcloud.com,No banner,Unknown Yet,,,,
fb.com,Blocking banner,Center,"Decline optional cookies, Accept all cookies","Cookies Policy, other companies, Misc",Choose cookies by category,
browser-intake-datadoghq.com,Unknown Yet,Unknown Yet,,,,
pvp.net,Unknown Yet,Unknown Yet,,,,
appspot.com,Floating non blocking banner stays until action,Bottom bar,,Learn more,,
bytedns1.com,Unknown Yet,Unknown Yet,,,,
steamstatic.com,Unknown Yet,Unknown Yet,,,,
samsungacr.com,Unknown Yet,Unknown Yet,,,,
liadm.com,Unknown Yet,Unknown Yet,,,,
adobedc.net,Unknown Yet,Unknown Yet,,,,
asus.com,Floating non blocking banner stays until action,Bottom bar,"Accept all, Reject all, Cookie settings",Cookies and Similar,,
rackspace.net,Unknown Yet,Unknown Yet,,,,
ozone.ru,Unknown Yet,Unknown Yet,,,,
palmplaystore.com,Blocking banner,Center,"Consent, Do not consent, Manage options, Learn more",List of partners,,
ring.com,Floating non blocking banner stays until action,Top right,"Accept, Reject, Settings",,,
aniview.com,Floating non blocking banner stays until action,Bottom right,"Accept, Deny","Privacy Policy, Data Management",,
bugsnag.com,Blocking banner,Center,"Accept Cookies, Cookie settings",Learn more,,
liftoff.io,Floating non blocking banner stays until action (close option given),Bottom bar,"Accept, Deny",Cookie Policy,,
volcfcdndvs.com,Unknown Yet,Unknown Yet,,,,
freepik.com,Floating non blocking banner stays until action,Bottom right,"Reject all, Accept all, Cookies settings",,,
mediafire.com,Floating non blocking banner stays until action (close option given),Bottom bar,I accept,,,
kontur.ru,Floating non blocking banner stays until action (close option given),Bottom left,Understandable,In more detail,,
sagepub.com,Blocking banner,Center,"Accept Non-Essential Cookies, Reject Non-Essential Cookies, Manage Cookies","Privacy Policy, Cookie Policy",,
cursor.sh,No banner,Unknown Yet,,,,
cloudinary.com,Simple non blocking banner,Bottom left,"Accept all cookies, Cookies settings",,,
patreon.com,Floating non blocking banner stays until action,Bottom bar,"Accept all, Reject non-essential, More Choices",See Our Privacy Policy,,
360.cn,Unknown Yet,Unknown Yet,,,,
gumgum.com,Blocking banner,Bottom bar,"Accept, Manage Preferences",View Full Policy,,
amazon.in,No banner,Unknown Yet,,,,
tencent.com,Floating non blocking banner stays until action (close option given),Bottom bar,"Accept all analytics cookies, Reject all analytics cookies",misc,,
homedepot.com,Unknown Yet,Unknown Yet,,,,
shopee.co.id,No banner,Unknown Yet,,,,
creativecdn.com,Unknown Yet,Unknown Yet,,,,
rackspace.com,Floating non blocking banner stays until action (close option given),Bottom right,"Accept all Cookies, Reject all, Cookies settings",Rackspace Technology Cookie Notice,,
box.com,Floating non blocking banner stays until action,Bottom bar,"Accept all, Reject all, Customize",misc,,
mixpanel.com,Floating non blocking banner stays until action (close option given),Bottom right,"Accept, Decline",Privacy Policy,,
ovscdns.com,Unknown Yet,Unknown Yet,,,,
bunnyinfra.net,Unknown Yet,Unknown Yet,,,,
google.cn,No banner,Unknown Yet,,,,
allaboutcookies.org,Blocking banner,Center,"Accept, Cookie settings, Partners/Vendors",,,
zoom.com,Floating non blocking banner stays until action (close option given),Center,"Accept Cookies, Decline Cookies, Cookies Settings",,,
afilias-nst.info,Unknown Yet,Unknown Yet,,,,
amazon.es,Floating non blocking banner stays until action,Bottom bar,"Accept, Decline, Customise ","Cookie notice, 103 third parties, misc",,
cdn-vk.ru,Unknown Yet,Unknown Yet,,,,
adform.net,Unknown Yet,Unknown Yet,,,,
life360.com,Simple non blocking banner,Bottom bar,"Accept all, Reject Non-essential, Save, Targeted Advertising, Personalization, Analytics","Privacy Notice, Storage Preferences",,
33across.com,Floating non blocking banner stays until action,Bottom left,Do Not Sell or Share My Personal Information,See Privacy Policy,,
lgtvcommon.com,Unknown Yet,Unknown Yet,,,,
me.com,No banner,Unknown Yet,,,,
